,Dönem Net/Brüt Kar,Dönem Net/Toplam Varlık,Hisse Başı Kazanç
KTLEV (TRY),0.4407587137394778,0.11418827502821156,11.999253977777778
